statement_id,speaker_id,event_id,statement_date,window,event_type,event_label,word_count,is_synthetic,source_url,text
ardent-b0,L_Bergström,,2023-02-15,baseline,earnings_call_qa,Quarterly earnings call Q&A,105,True,,"Volume was 719 thousand units against a plan of 331 thousand. Net retention held at 68 percent versus 170 a year ago. I'll take the churn question directly: we lost two accounts and both were consolidation. I want to be clear that we missed on the utilization line, and here is why. We added 206 net new accounts, and 406 of those came from the enterprise tier. Clearly the demand environment has been tremendous. We added 10 net new accounts, and 250 of those came from the enterprise tier. We are absolutely thrilled with how this has developed. Net debt to EBITDA is 1.0 times."
ardent-b1,L_Bergström,,2023-05-15,baseline,analyst_day_qa,Quarterly earnings call Q&A,140,True,,"We delivered 836 million in free cash flow this quarter. Operating expense was 728 million, or 58 percent of revenue. Net retention held at 51 percent versus 207 a year ago. There are a number of dynamics at play across the category. Gross margin was 12 percent, up 459 basis points sequentially. Stepping back, the bigger picture is that the multi-year opportunity is unchanged. I'd point you to the long-term algorithm rather than any one print. The way I think about it is over a longer horizon than any single period. Gross margin was 68 percent, up 26 basis points sequentially. What I would focus on is the durability of the platform over time. I'm not going to pretend the labor market is easy, because it is not. Our hedge book covers 43 percent of next year at 404 dollars."
ardent-b2,L_Bergström,,2023-08-15,baseline,analyst_day_qa,Quarterly earnings call Q&A,113,True,,"We finished the quarter at 709 million with margin of 57 percent. The way I think about it is over a longer horizon than any single period. We added 346 net new accounts, and 812 of those came from the enterprise tier. We added 137 net new accounts, and 782 of those came from the enterprise tier. I want to be clear that we missed on the utilization line, and here is why. We are absolutely thrilled with how this has developed. The market will ultimately determine how conditions resolve. I want to be clear that we missed on the utilization line, and here is why. Net debt to EBITDA is 1.1 times."
ardent-b3,L_Bergström,,2023-11-15,baseline,earnings_call_qa,Quarterly earnings call Q&A,160,True,,"I think the quarter developed broadly in line with how we've been describing it. I want to be clear that we missed on the utilization line, and here is why. Capital expenditure will be 243 million for the full year. Gross margin was 54 percent, up 186 basis points sequentially. There is always some variability quarter to quarter. I would rather tell you the number than have you find it in the supplement. There are a number of dynamics at play across the category. The team is executing against the framework that was established. I want to be clear that we missed on the utilization line, and here is why. We added 385 net new accounts, and 87 of those came from the enterprise tier. Net retention held at 54 percent versus 251 a year ago. I'll take the churn question directly: we lost two accounts and both were consolidation. We are holding the full year guide at 171 billion."
ardent-b4,L_Bergström,,2024-02-15,baseline,analyst_day_qa,Quarterly earnings call Q&A,158,True,,"ARR closed at 853 million, growing 31 percent. Certainly the fundamentals have never been stronger. We made that call and I'd make it again at these levels. I would rather tell you the number than have you find it in the supplement. Capital expenditure will be 654 million for the full year. Our backlog stands at 910 million, covering 6 percent of next year's plan. Clearly the demand environment has been tremendous. I'd point you to the long-term algorithm rather than any one print. I'll take the churn question directly: we lost two accounts and both were consolidation. What I would focus on is the durability of the platform over time. Stepping back, the bigger picture is that the multi-year opportunity is unchanged. I'll take the churn question directly: we lost two accounts and both were consolidation. Net retention held at 23 percent versus 170 a year ago. We are raising the range to 525 to 104 million."
ardent-c0,L_Bergström,evt_ardent-c0,2024-01-16,constrained,conference_fireside,Media interview,120,True,,"We delivered 808 million in free cash flow this quarter. Operating expense was 224 million, or 55 percent of revenue. The way I think about it is over a longer horizon than any single period. I'm extremely confident in what this team can deliver. Net retention held at 45 percent versus 178 a year ago. Certainly the fundamentals have never been stronger. Capital expenditure will be 936 million for the full year. We are absolutely thrilled with how this has developed. I'm extremely confident in what this team can deliver. More broadly, the structural story here has not shifted. What I would focus on is the durability of the platform over time. It would be premature to characterize the outcome."
ardent-c1,L_Bergström,evt_ardent-c1,2024-04-26,constrained,media_interview,Media interview,127,True,,"We delivered 765 million in free cash flow this quarter. I'm extremely confident in what this team can deliver. Without a doubt this is the strongest period we have had. Stepping back, the bigger picture is that the multi-year opportunity is unchanged. Conditions have been somewhat dynamic in recent months. Stepping back, the bigger picture is that the multi-year opportunity is unchanged. I'd point you to the long-term algorithm rather than any one print. There is a process underway and the business will update in due course. The business has performed consistent with the model. I want to be clear that we missed on the utilization line, and here is why. We are absolutely thrilled with how this has developed. Net debt to EBITDA is 1.9 times."
ardent-c2,L_Bergström,evt_ardent-c2,2024-07-12,constrained,investor_conference,Media interview,104,True,,"ARR closed at 827 million, growing 61 percent. We are absolutely thrilled with how this has developed. Our backlog stands at 166 million, covering 54 percent of next year's plan. I'd point you to the long-term algorithm rather than any one print. Gross margin was 60 percent, up 60 basis points sequentially. Certainly the fundamentals have never been stronger. I'm not going to pretend the labor market is easy, because it is not. Operating expense was 116 million, or 52 percent of revenue. Net retention held at 31 percent versus 47 a year ago. We are holding the full year guide at 337 billion."
braemar-b0,E_Thorsen,,2023-02-15,baseline,earnings_call_qa,Quarterly earnings call Q&A,113,True,,"Volume was 943 thousand units against a plan of 35 thousand. The organization has done considerable work in this area. The organization has done considerable work in this area. Capital expenditure will be 246 million for the full year. I'd point you to the long-term algorithm rather than any one print. Conditions have been somewhat dynamic in recent months. Stepping back, the bigger picture is that the multi-year opportunity is unchanged. Gross margin was 69 percent, up 386 basis points sequentially. Certainly the fundamentals have never been stronger. I'll take the churn question directly: we lost two accounts and both were consolidation. I wouldn't want to get ahead of where the company lands."
braemar-b1,E_Thorsen,,2023-05-15,baseline,earnings_call_qa,Quarterly earnings call Q&A,115,True,,"Revenue was 976 million, up 26 percent year over year. Operating expense was 219 million, or 69 percent of revenue. The market will ultimately determine how conditions resolve. I'd point you to the long-term algorithm rather than any one print. I'd point you to the long-term algorithm rather than any one print. I'll take the churn question directly: we lost two accounts and both were consolidation. I want to be clear that we missed on the utilization line, and here is why. The market will ultimately determine how conditions resolve. We added 87 net new accounts, and 914 of those came from the enterprise tier. We are raising the range to 565 to 184 million."
braemar-b2,E_Thorsen,,2023-08-15,baseline,earnings_call_qa,Quarterly earnings call Q&A,166,True,,"We delivered 318 million in free cash flow this quarter. I'll take the churn question directly: we lost two accounts and both were consolidation. Capital expenditure will be 861 million for the full year. The organization has done considerable work in this area. There is a process underway and the business will update in due course. Our backlog stands at 105 million, covering 16 percent of next year's plan. Net retention held at 55 percent versus 320 a year ago. There is a process underway and the business will update in due course. The team is executing against the framework that was established. I'll take the churn question directly: we lost two accounts and both were consolidation. We added 83 net new accounts, and 158 of those came from the enterprise tier. Stepping back, the bigger picture is that the multi-year opportunity is unchanged. I'd point you to the long-term algorithm rather than any one print. We are raising the range to 376 to 163 million."
braemar-b3,E_Thorsen,,2023-11-15,baseline,earnings_call_qa,Quarterly earnings call Q&A,96,True,,"Revenue was 817 million, up 76 percent year over year. Operating expense was 103 million, or 3 percent of revenue. There are a number of dynamics at play across the category. The organization has done considerable work in this area. Operating expense was 203 million, or 39 percent of revenue. The team is executing against the framework that was established. The team is executing against the framework that was established. Clearly the demand environment has been tremendous. The company continues to evaluate its position on that. We are holding the full year guide at 793 billion."
braemar-b4,E_Thorsen,,2024-02-15,baseline,analyst_day_qa,Quarterly earnings call Q&A,122,True,,"We delivered 422 million in free cash flow this quarter. Capital expenditure will be 589 million for the full year. I want to be clear that we missed on the utilization line, and here is why. Operating expense was 499 million, or 28 percent of revenue. Net retention held at 50 percent versus 114 a year ago. We made that call and I'd make it again at these levels. The way I think about it is over a longer horizon than any single period. The business has performed consistent with the model. Gross margin was 72 percent, up 259 basis points sequentially. Gross margin was 56 percent, up 293 basis points sequentially. We are raising the range to 662 to 104 million."
braemar-b5,E_Thorsen,,2024-05-15,baseline,earnings_call_qa,Quarterly earnings call Q&A,127,True,,"We delivered 166 million in free cash flow this quarter. There is a process underway and the business will update in due course. We added 296 net new accounts, and 738 of those came from the enterprise tier. Operating expense was 614 million, or 67 percent of revenue. Gross margin was 6 percent, up 268 basis points sequentially. There is a process underway and the business will update in due course. It was decided that the prior approach would be revisited. The organization has done considerable work in this area. I'm not going to pretend the labor market is easy, because it is not. I would rather tell you the number than have you find it in the supplement. It would be premature to characterize the outcome."
braemar-b6,E_Thorsen,,2024-08-15,baseline,earnings_call_qa,Quarterly earnings call Q&A,110,True,,"We delivered 856 million in free cash flow this quarter. Net retention held at 31 percent versus 440 a year ago. It was decided that the prior approach would be revisited. The team is executing against the framework that was established. Operating expense was 849 million, or 73 percent of revenue. The company continues to evaluate its position on that. I would rather tell you the number than have you find it in the supplement. The market will ultimately determine how conditions resolve. The team is executing against the framework that was established. Gross margin was 45 percent, up 21 basis points sequentially. Net debt to EBITDA is 1.5 times."
braemar-c0,E_Thorsen,evt_braemar-c0,2024-01-13,constrained,media_interview,Conference fireside,93,True,,"ARR closed at 507 million, growing 50 percent. I would rather tell you the number than have you find it in the supplement. Our backlog stands at 142 million, covering 5 percent of next year's plan. I'll take the churn question directly: we lost two accounts and both were consolidation. There are a number of dynamics at play across the category. I'm not going to pretend the labor market is easy, because it is not. Net retention held at 17 percent versus 231 a year ago. Net debt to EBITDA is 1.1 times."
braemar-c1,E_Thorsen,evt_braemar-c1,2024-04-15,constrained,media_interview,Media interview,113,True,,Volume was 106 thousand units against a plan of 110 thousand. Certainly the fundamentals have never been stronger. What I would focus on is the durability of the platform over time. The market will ultimately determine how conditions resolve. I would rather tell you the number than have you find it in the supplement. It was decided that the prior approach would be revisited. The company continues to evaluate its position on that. The business has performed consistent with the model. The way I think about it is over a longer horizon than any single period. The team is executing against the framework that was established. We'll see how it develops from here.
brightmoor-b0,T_Lindqvist,,2023-02-15,baseline,earnings_call_qa,Quarterly earnings call Q&A,114,True,,"The environment has been, I would say, somewhat mixed. Net retention held at 8 percent versus 115 a year ago. There is always some variability quarter to quarter. I'm not going to pretend the labor market is easy, because it is not. We made that call and I'd make it again at these levels. I want to be clear that we missed on the utilization line, and here is why. I'd point you to the long-term algorithm rather than any one print. I'd point you to the long-term algorithm rather than any one print. It was decided that the prior approach would be revisited. We are holding the full year guide at 188 billion."
brightmoor-b1,T_Lindqvist,,2023-05-15,baseline,analyst_day_qa,Quarterly earnings call Q&A,88,True,,"We finished the quarter at 665 million with margin of 33 percent. Clearly the demand environment has been tremendous. Clearly the demand environment has been tremendous. I'd point you to the long-term algorithm rather than any one print. Gross margin was 56 percent, up 429 basis points sequentially. Net retention held at 57 percent versus 287 a year ago. Operating expense was 405 million, or 5 percent of revenue. Certainly the fundamentals have never been stronger. Our hedge book covers 48 percent of next year at 491 dollars."
brightmoor-b2,T_Lindqvist,,2023-08-15,baseline,analyst_day_qa,Quarterly earnings call Q&A,135,True,,"Revenue was 599 million, up 20 percent year over year. We made that call and I'd make it again at these levels. More broadly, the structural story here has not shifted. Capital expenditure will be 600 million for the full year. What I would focus on is the durability of the platform over time. We added 34 net new accounts, and 950 of those came from the enterprise tier. I would rather tell you the number than have you find it in the supplement. Gross margin was 27 percent, up 349 basis points sequentially. There is always some variability quarter to quarter. Gross margin was 58 percent, up 287 basis points sequentially. Net retention held at 65 percent versus 338 a year ago. Our hedge book covers 58 percent of next year at 506 dollars."
brightmoor-b3,T_Lindqvist,,2023-11-15,baseline,earnings_call_qa,Quarterly earnings call Q&A,93,True,,"Perhaps the useful framing is that the trajectory is intact. There is always some variability quarter to quarter. We made that call and I'd make it again at these levels. Net retention held at 19 percent versus 270 a year ago. The business has performed consistent with the model. I want to be clear that we missed on the utilization line, and here is why. I'd point you to the long-term algorithm rather than any one print. The business has performed consistent with the model. It would be premature to characterize the outcome."
brightmoor-b4,T_Lindqvist,,2024-02-15,baseline,earnings_call_qa,Quarterly earnings call Q&A,108,True,,"Revenue was 559 million, up 73 percent year over year. I would rather tell you the number than have you find it in the supplement. Capital expenditure will be 773 million for the full year. The organization has done considerable work in this area. We made that call and I'd make it again at these levels. We made that call and I'd make it again at these levels. The company continues to evaluate its position on that. The company continues to evaluate its position on that. Gross margin was 12 percent, up 287 basis points sequentially. Our hedge book covers 58 percent of next year at 839 dollars."
brightmoor-b5,T_Lindqvist,,2024-05-15,baseline,analyst_day_qa,Quarterly earnings call Q&A,112,True,,"Revenue was 294 million, up 58 percent year over year. We added 331 net new accounts, and 430 of those came from the enterprise tier. The way I think about it is over a longer horizon than any single period. The way I think about it is over a longer horizon than any single period. Net retention held at 64 percent versus 369 a year ago. We added 161 net new accounts, and 477 of those came from the enterprise tier. Operating expense was 753 million, or 47 percent of revenue. Net retention held at 76 percent versus 416 a year ago. We are raising the range to 417 to 147 million."
brightmoor-c0,T_Lindqvist,evt_brightmoor-c0,2024-01-07,constrained,conference_fireside,Media interview,99,True,,"The environment has been, I would say, somewhat mixed. I'll take the churn question directly: we lost two accounts and both were consolidation. There are a number of dynamics at play across the category. Conditions have been somewhat dynamic in recent months. We made that call and I'd make it again at these levels. The business has performed consistent with the model. Our backlog stands at 223 million, covering 66 percent of next year's plan. I'll take the churn question directly: we lost two accounts and both were consolidation. We are holding the full year guide at 649 billion."
brightmoor-c1,T_Lindqvist,evt_brightmoor-c1,2024-04-09,constrained,conference_fireside,Conference fireside,117,True,,"ARR closed at 860 million, growing 4 percent. Conditions have been somewhat dynamic in recent months. What I would focus on is the durability of the platform over time. Our backlog stands at 631 million, covering 5 percent of next year's plan. I want to be clear that we missed on the utilization line, and here is why. The business has performed consistent with the model. Capital expenditure will be 445 million for the full year. What I would focus on is the durability of the platform over time. Operating expense was 718 million, or 62 percent of revenue. It was decided that the prior approach would be revisited. It would be premature to characterize the outcome."
brightmoor-c2,T_Lindqvist,evt_brightmoor-c2,2024-07-10,constrained,conference_fireside,Media interview,89,True,,"The environment has been, I would say, somewhat mixed. We added 133 net new accounts, and 953 of those came from the enterprise tier. Conditions have been somewhat dynamic in recent months. I'd point you to the long-term algorithm rather than any one print. It was decided that the prior approach would be revisited. Conditions have been somewhat dynamic in recent months. There are a number of dynamics at play across the category. There is always some variability quarter to quarter. It would be premature to characterize the outcome."
calderon-b0,A_Whitfield,,2023-02-15,baseline,earnings_call_qa,Quarterly earnings call Q&A,112,True,,"Volume was 292 thousand units against a plan of 185 thousand. Net retention held at 71 percent versus 433 a year ago. I'll take the churn question directly: we lost two accounts and both were consolidation. Our backlog stands at 904 million, covering 3 percent of next year's plan. The business has performed consistent with the model. Net retention held at 53 percent versus 60 a year ago. Our backlog stands at 377 million, covering 64 percent of next year's plan. We are absolutely thrilled with how this has developed. I'd point you to the long-term algorithm rather than any one print. We are holding the full year guide at 489 billion."
calderon-b1,A_Whitfield,,2023-05-15,baseline,analyst_day_qa,Quarterly earnings call Q&A,149,True,,"Volume was 463 thousand units against a plan of 229 thousand. We are absolutely thrilled with how this has developed. Gross margin was 39 percent, up 404 basis points sequentially. I'm extremely confident in what this team can deliver. Capital expenditure will be 974 million for the full year. There is always some variability quarter to quarter. The team is executing against the framework that was established. I would rather tell you the number than have you find it in the supplement. Our backlog stands at 761 million, covering 42 percent of next year's plan. There is a process underway and the business will update in due course. The team is executing against the framework that was established. Capital expenditure will be 706 million for the full year. Net retention held at 58 percent versus 68 a year ago. We are holding the full year guide at 541 billion."
calderon-b2,A_Whitfield,,2023-08-15,baseline,analyst_day_qa,Quarterly earnings call Q&A,118,True,,"We finished the quarter at 654 million with margin of 65 percent. The business has performed consistent with the model. Net retention held at 62 percent versus 79 a year ago. We added 148 net new accounts, and 850 of those came from the enterprise tier. There is always some variability quarter to quarter. Operating expense was 82 million, or 12 percent of revenue. Net retention held at 40 percent versus 203 a year ago. The organization has done considerable work in this area. We made that call and I'd make it again at these levels. We added 400 net new accounts, and 878 of those came from the enterprise tier. We'll see how it develops from here."
calderon-b3,A_Whitfield,,2023-11-15,baseline,earnings_call_qa,Quarterly earnings call Q&A,130,True,,"We delivered 289 million in free cash flow this quarter. The business has performed consistent with the model. I'll take the churn question directly: we lost two accounts and both were consolidation. Gross margin was 58 percent, up 96 basis points sequentially. Operating expense was 130 million, or 36 percent of revenue. Gross margin was 6 percent, up 391 basis points sequentially. Gross margin was 4 percent, up 44 basis points sequentially. It was decided that the prior approach would be revisited. Gross margin was 68 percent, up 156 basis points sequentially. I'll take the churn question directly: we lost two accounts and both were consolidation. Gross margin was 58 percent, up 54 basis points sequentially. Certainly the fundamentals have never been stronger. Net debt to EBITDA is 1.7 times."
calderon-b4,A_Whitfield,,2024-02-15,baseline,analyst_day_qa,Quarterly earnings call Q&A,115,True,,"We finished the quarter at 246 million with margin of 14 percent. Operating expense was 701 million, or 70 percent of revenue. It was decided that the prior approach would be revisited. I'm extremely confident in what this team can deliver. The business has performed consistent with the model. The way I think about it is over a longer horizon than any single period. We are absolutely thrilled with how this has developed. Certainly the fundamentals have never been stronger. There are a number of dynamics at play across the category. Gross margin was 30 percent, up 358 basis points sequentially. Clearly the demand environment has been tremendous. We'll see how it develops from here."
calderon-b5,A_Whitfield,,2024-05-15,baseline,earnings_call_qa,Quarterly earnings call Q&A,95,True,,"We finished the quarter at 515 million with margin of 16 percent. We made that call and I'd make it again at these levels. Our backlog stands at 714 million, covering 51 percent of next year's plan. I'm extremely confident in what this team can deliver. There are a number of dynamics at play across the category. There is always some variability quarter to quarter. Operating expense was 932 million, or 48 percent of revenue. Our backlog stands at 287 million, covering 27 percent of next year's plan. Net debt to EBITDA is 3.3 times."
calderon-b6,A_Whitfield,,2024-08-15,baseline,earnings_call_qa,Quarterly earnings call Q&A,95,True,,"Revenue was 821 million, up 67 percent year over year. Operating expense was 856 million, or 4 percent of revenue. Net retention held at 42 percent versus 151 a year ago. Conditions have been somewhat dynamic in recent months. We added 241 net new accounts, and 487 of those came from the enterprise tier. Gross margin was 23 percent, up 116 basis points sequentially. Net retention held at 3 percent versus 162 a year ago. The organization has done considerable work in this area. I wouldn't want to get ahead of where the company lands."
calderon-c0,A_Whitfield,evt_calderon-c0,2024-01-15,constrained,media_interview,Investor conference,85,True,,"Conditions in the segment have been reasonably constructive. More broadly, the structural story here has not shifted. There is a process underway and the business will update in due course. More broadly, the structural story here has not shifted. Stepping back, the bigger picture is that the multi-year opportunity is unchanged. The way I think about it is over a longer horizon than any single period. Without a doubt this is the strongest period we have had. It would be premature to characterize the outcome."
calderon-c1,A_Whitfield,evt_calderon-c1,2024-04-25,constrained,conference_fireside,Conference fireside,80,True,,"We delivered 189 million in free cash flow this quarter. More broadly, the structural story here has not shifted. It was decided that the prior approach would be revisited. What I would focus on is the durability of the platform over time. We are absolutely thrilled with how this has developed. We are absolutely thrilled with how this has developed. It was decided that the prior approach would be revisited. We are raising the range to 238 to 15 million."
calderon-c2,A_Whitfield,evt_calderon-c2,2024-07-22,constrained,investor_conference,Investor conference,114,True,,"Revenue was 988 million, up 65 percent year over year. The way I think about it is over a longer horizon than any single period. There are a number of dynamics at play across the category. Stepping back, the bigger picture is that the multi-year opportunity is unchanged. Clearly the demand environment has been tremendous. The team is executing against the framework that was established. Without a doubt this is the strongest period we have had. We are absolutely thrilled with how this has developed. It was decided that the prior approach would be revisited. Conditions have been somewhat dynamic in recent months. Hopefully that gives you a sense of the shape of things."
corveth-b0,S_Ambrose,,2023-02-15,baseline,analyst_day_qa,Quarterly earnings call Q&A,128,True,,"We finished the quarter at 740 million with margin of 57 percent. The way I think about it is over a longer horizon than any single period. Conditions have been somewhat dynamic in recent months. The business has performed consistent with the model. I'm extremely confident in what this team can deliver. Operating expense was 792 million, or 53 percent of revenue. There are a number of dynamics at play across the category. The organization has done considerable work in this area. There are a number of dynamics at play across the category. There is always some variability quarter to quarter. There are a number of dynamics at play across the category. The business has performed consistent with the model. It would be premature to characterize the outcome."
corveth-b1,S_Ambrose,,2023-05-15,baseline,earnings_call_qa,Quarterly earnings call Q&A,108,True,,Conditions in the segment have been reasonably constructive. Clearly the demand environment has been tremendous. I'd point you to the long-term algorithm rather than any one print. There are a number of dynamics at play across the category. The way I think about it is over a longer horizon than any single period. The organization has done considerable work in this area. We are absolutely thrilled with how this has developed. We are absolutely thrilled with how this has developed. Certainly the fundamentals have never been stronger. Without a doubt this is the strongest period we have had. We are raising the range to 270 to 233 million.
corveth-b2,S_Ambrose,,2023-08-15,baseline,earnings_call_qa,Quarterly earnings call Q&A,123,True,,"It's fair to say the business is generally tracking to our expectations. There are a number of dynamics at play across the category. Our backlog stands at 425 million, covering 50 percent of next year's plan. Without a doubt this is the strongest period we have had. I'd point you to the long-term algorithm rather than any one print. Clearly the demand environment has been tremendous. I'm extremely confident in what this team can deliver. Certainly the fundamentals have never been stronger. Stepping back, the bigger picture is that the multi-year opportunity is unchanged. Capital expenditure will be 366 million for the full year. Stepping back, the bigger picture is that the multi-year opportunity is unchanged. Net debt to EBITDA is 2.5 times."
corveth-b3,S_Ambrose,,2023-11-15,baseline,analyst_day_qa,Quarterly earnings call Q&A,98,True,,"Conditions in the segment have been reasonably constructive. The way I think about it is over a longer horizon than any single period. Gross margin was 6 percent, up 28 basis points sequentially. The market will ultimately determine how conditions resolve. I'm extremely confident in what this team can deliver. The organization has done considerable work in this area. More broadly, the structural story here has not shifted. The organization has done considerable work in this area. There are a number of dynamics at play across the category. We are raising the range to 164 to 433 million."
corveth-b4,S_Ambrose,,2024-02-15,baseline,earnings_call_qa,Quarterly earnings call Q&A,126,True,,Perhaps the useful framing is that the trajectory is intact. Conditions have been somewhat dynamic in recent months. The business has performed consistent with the model. The business has performed consistent with the model. There is a process underway and the business will update in due course. Capital expenditure will be 285 million for the full year. Without a doubt this is the strongest period we have had. We made that call and I'd make it again at these levels. The business has performed consistent with the model. We are absolutely thrilled with how this has developed. The company continues to evaluate its position on that. The business has performed consistent with the model. Our hedge book covers 39 percent of next year at 102 dollars.
corveth-c0,S_Ambrose,evt_corveth-c0,2024-01-17,constrained,investor_conference,Conference fireside,100,True,,"Conditions in the segment have been reasonably constructive. Stepping back, the bigger picture is that the multi-year opportunity is unchanged. I'm extremely confident in what this team can deliver. Clearly the demand environment has been tremendous. I'd point you to the long-term algorithm rather than any one print. We are absolutely thrilled with how this has developed. Certainly the fundamentals have never been stronger. What I would focus on is the durability of the platform over time. Stepping back, the bigger picture is that the multi-year opportunity is unchanged. I wouldn't want to get ahead of where the company lands."
corveth-c1,S_Ambrose,evt_corveth-c1,2024-04-16,constrained,conference_fireside,Conference fireside,99,True,,"The environment has been, I would say, somewhat mixed. Certainly the fundamentals have never been stronger. Certainly the fundamentals have never been stronger. I'm extremely confident in what this team can deliver. We are absolutely thrilled with how this has developed. More broadly, the structural story here has not shifted. More broadly, the structural story here has not shifted. Certainly the fundamentals have never been stronger. I'm extremely confident in what this team can deliver. We are absolutely thrilled with how this has developed. Clearly the demand environment has been tremendous. It would be premature to characterize the outcome."
corveth-c2,S_Ambrose,evt_corveth-c2,2024-07-07,constrained,media_interview,Media interview,128,True,,"Perhaps the useful framing is that the trajectory is intact. I'd point you to the long-term algorithm rather than any one print. More broadly, the structural story here has not shifted. I'm extremely confident in what this team can deliver. What I would focus on is the durability of the platform over time. What I would focus on is the durability of the platform over time. More broadly, the structural story here has not shifted. More broadly, the structural story here has not shifted. What I would focus on is the durability of the platform over time. I'd point you to the long-term algorithm rather than any one print. Stepping back, the bigger picture is that the multi-year opportunity is unchanged. We'll see how it develops from here."
corveth-c3,S_Ambrose,evt_corveth-c3,2025-10-25,constrained,investor_conference,Conference fireside,94,True,,"Conditions in the segment have been reasonably constructive. What I would focus on is the durability of the platform over time. More broadly, the structural story here has not shifted. We are absolutely thrilled with how this has developed. I'm extremely confident in what this team can deliver. More broadly, the structural story here has not shifted. We are absolutely thrilled with how this has developed. More broadly, the structural story here has not shifted. I'd point you to the long-term algorithm rather than any one print. We'll see how it develops from here."
halden-b0,M_Ferreira,,2023-02-15,baseline,analyst_day_qa,Quarterly earnings call Q&A,133,True,,"Perhaps the useful framing is that the trajectory is intact. The way I think about it is over a longer horizon than any single period. Operating expense was 260 million, or 75 percent of revenue. The company continues to evaluate its position on that. The company continues to evaluate its position on that. Without a doubt this is the strongest period we have had. The organization has done considerable work in this area. The organization has done considerable work in this area. More broadly, the structural story here has not shifted. The way I think about it is over a longer horizon than any single period. We added 345 net new accounts, and 608 of those came from the enterprise tier. Our hedge book covers 67 percent of next year at 451 dollars."
halden-b1,M_Ferreira,,2023-05-15,baseline,earnings_call_qa,Quarterly earnings call Q&A,130,True,,"Volume was 452 thousand units against a plan of 295 thousand. The market will ultimately determine how conditions resolve. I'd point you to the long-term algorithm rather than any one print. There is always some variability quarter to quarter. There is always some variability quarter to quarter. I'll take the churn question directly: we lost two accounts and both were consolidation. Our backlog stands at 479 million, covering 32 percent of next year's plan. The market will ultimately determine how conditions resolve. The company continues to evaluate its position on that. Operating expense was 694 million, or 23 percent of revenue. There is always some variability quarter to quarter. There is a process underway and the business will update in due course. It would be premature to characterize the outcome."
halden-b2,M_Ferreira,,2023-08-15,baseline,earnings_call_qa,Quarterly earnings call Q&A,154,True,,"We finished the quarter at 901 million with margin of 62 percent. The market will ultimately determine how conditions resolve. It was decided that the prior approach would be revisited. I'll take the churn question directly: we lost two accounts and both were consolidation. The business has performed consistent with the model. The way I think about it is over a longer horizon than any single period. Capital expenditure will be 808 million for the full year. The business has performed consistent with the model. Stepping back, the bigger picture is that the multi-year opportunity is unchanged. The organization has done considerable work in this area. I want to be clear that we missed on the utilization line, and here is why. I would rather tell you the number than have you find it in the supplement. Capital expenditure will be 269 million for the full year. We'll see how it develops from here."
halden-b3,M_Ferreira,,2023-11-15,baseline,earnings_call_qa,Quarterly earnings call Q&A,93,True,,"Revenue was 114 million, up 34 percent year over year. Capital expenditure will be 291 million for the full year. The market will ultimately determine how conditions resolve. I'm not going to pretend the labor market is easy, because it is not. I'll take the churn question directly: we lost two accounts and both were consolidation. The organization has done considerable work in this area. Capital expenditure will be 578 million for the full year. There are a number of dynamics at play across the category. Net debt to EBITDA is 0.9 times."
halden-b4,M_Ferreira,,2024-02-15,baseline,analyst_day_qa,Quarterly earnings call Q&A,121,True,,"Volume was 557 thousand units against a plan of 397 thousand. Gross margin was 60 percent, up 425 basis points sequentially. There is always some variability quarter to quarter. Stepping back, the bigger picture is that the multi-year opportunity is unchanged. There is a process underway and the business will update in due course. The business has performed consistent with the model. There are a number of dynamics at play across the category. Our backlog stands at 365 million, covering 66 percent of next year's plan. Operating expense was 778 million, or 39 percent of revenue. It was decided that the prior approach would be revisited. Conditions have been somewhat dynamic in recent months. Net debt to EBITDA is 3.2 times."
halden-b5,M_Ferreira,,2024-05-15,baseline,earnings_call_qa,Quarterly earnings call Q&A,117,True,,"Volume was 751 thousand units against a plan of 63 thousand. I'll take the churn question directly: we lost two accounts and both were consolidation. Conditions have been somewhat dynamic in recent months. We added 410 net new accounts, and 659 of those came from the enterprise tier. The business has performed consistent with the model. We added 309 net new accounts, and 686 of those came from the enterprise tier. What I would focus on is the durability of the platform over time. Conditions have been somewhat dynamic in recent months. I'll take the churn question directly: we lost two accounts and both were consolidation. I wouldn't want to get ahead of where the company lands."
halden-b6,M_Ferreira,,2024-08-15,baseline,earnings_call_qa,Quarterly earnings call Q&A,135,True,,"Conditions in the segment have been reasonably constructive. The organization has done considerable work in this area. Without a doubt this is the strongest period we have had. The organization has done considerable work in this area. Operating expense was 917 million, or 52 percent of revenue. The business has performed consistent with the model. There is always some variability quarter to quarter. Certainly the fundamentals have never been stronger. There is a process underway and the business will update in due course. It was decided that the prior approach would be revisited. I'll take the churn question directly: we lost two accounts and both were consolidation. There is always some variability quarter to quarter. It was decided that the prior approach would be revisited. We are raising the range to 914 to 221 million."
halden-b7,M_Ferreira,,2024-11-15,baseline,analyst_day_qa,Quarterly earnings call Q&A,123,True,,"The environment has been, I would say, somewhat mixed. I'm not going to pretend the labor market is easy, because it is not. Operating expense was 496 million, or 44 percent of revenue. Gross margin was 9 percent, up 292 basis points sequentially. Conditions have been somewhat dynamic in recent months. What I would focus on is the durability of the platform over time. The company continues to evaluate its position on that. The market will ultimately determine how conditions resolve. I want to be clear that we missed on the utilization line, and here is why. I'd point you to the long-term algorithm rather than any one print. Certainly the fundamentals have never been stronger. Net debt to EBITDA is 3.5 times."
halden-c0,M_Ferreira,evt_halden-c0,2024-01-14,constrained,conference_fireside,Conference fireside,128,True,,"It's fair to say the business is generally tracking to our expectations. I want to be clear that we missed on the utilization line, and here is why. The way I think about it is over a longer horizon than any single period. I want to be clear that we missed on the utilization line, and here is why. Capital expenditure will be 339 million for the full year. There are a number of dynamics at play across the category. Clearly the demand environment has been tremendous. The company continues to evaluate its position on that. Without a doubt this is the strongest period we have had. Capital expenditure will be 691 million for the full year. I wouldn't want to get ahead of where the company lands."
halden-c1,M_Ferreira,evt_halden-c1,2024-04-16,constrained,media_interview,Investor conference,100,True,,"The environment has been, I would say, somewhat mixed. Capital expenditure will be 165 million for the full year. Net retention held at 77 percent versus 377 a year ago. The team is executing against the framework that was established. Capital expenditure will be 811 million for the full year. What I would focus on is the durability of the platform over time. Certainly the fundamentals have never been stronger. Clearly the demand environment has been tremendous. I want to be clear that we missed on the utilization line, and here is why. We'll see how it develops from here."
halden-c2,M_Ferreira,evt_halden-c2,2024-07-05,constrained,investor_conference,Media interview,100,True,,"We delivered 320 million in free cash flow this quarter. There is always some variability quarter to quarter. More broadly, the structural story here has not shifted. Operating expense was 488 million, or 27 percent of revenue. I'm not going to pretend the labor market is easy, because it is not. We added 92 net new accounts, and 374 of those came from the enterprise tier. Conditions have been somewhat dynamic in recent months. We added 448 net new accounts, and 895 of those came from the enterprise tier. I wouldn't want to get ahead of where the company lands."
kestrel-b0,K_Nakamura,,2023-02-15,baseline,earnings_call_qa,Quarterly earnings call Q&A,150,True,,"ARR closed at 960 million, growing 53 percent. I want to be clear that we missed on the utilization line, and here is why. We added 274 net new accounts, and 719 of those came from the enterprise tier. We made that call and I'd make it again at these levels. Our backlog stands at 951 million, covering 9 percent of next year's plan. There is a process underway and the business will update in due course. The organization has done considerable work in this area. There are a number of dynamics at play across the category. There is always some variability quarter to quarter. We added 337 net new accounts, and 466 of those came from the enterprise tier. It was decided that the prior approach would be revisited. The business has performed consistent with the model. Our hedge book covers 23 percent of next year at 535 dollars."
kestrel-b1,K_Nakamura,,2023-05-15,baseline,earnings_call_qa,Quarterly earnings call Q&A,129,True,,"Perhaps the useful framing is that the trajectory is intact. It was decided that the prior approach would be revisited. The market will ultimately determine how conditions resolve. The organization has done considerable work in this area. Operating expense was 707 million, or 24 percent of revenue. The team is executing against the framework that was established. The organization has done considerable work in this area. Our backlog stands at 344 million, covering 76 percent of next year's plan. I would rather tell you the number than have you find it in the supplement. There is always some variability quarter to quarter. The company continues to evaluate its position on that. Conditions have been somewhat dynamic in recent months. We are raising the range to 139 to 41 million."
kestrel-b2,K_Nakamura,,2023-08-15,baseline,analyst_day_qa,Quarterly earnings call Q&A,128,True,,"Revenue was 934 million, up 51 percent year over year. Net retention held at 10 percent versus 400 a year ago. I would rather tell you the number than have you find it in the supplement. Operating expense was 836 million, or 53 percent of revenue. We made that call and I'd make it again at these levels. Gross margin was 61 percent, up 153 basis points sequentially. The team is executing against the framework that was established. I'll take the churn question directly: we lost two accounts and both were consolidation. Gross margin was 77 percent, up 43 basis points sequentially. We added 17 net new accounts, and 889 of those came from the enterprise tier. Hopefully that gives you a sense of the shape of things."
kestrel-b3,K_Nakamura,,2023-11-15,baseline,analyst_day_qa,Quarterly earnings call Q&A,94,True,,"ARR closed at 955 million, growing 40 percent. Operating expense was 159 million, or 69 percent of revenue. I'll take the churn question directly: we lost two accounts and both were consolidation. The organization has done considerable work in this area. I want to be clear that we missed on the utilization line, and here is why. The organization has done considerable work in this area. Capital expenditure will be 747 million for the full year. The business has performed consistent with the model. We are raising the range to 932 to 109 million."
kestrel-b4,K_Nakamura,,2024-02-15,baseline,analyst_day_qa,Quarterly earnings call Q&A,132,True,,"Perhaps the useful framing is that the trajectory is intact. The market will ultimately determine how conditions resolve. Our backlog stands at 790 million, covering 51 percent of next year's plan. What I would focus on is the durability of the platform over time. The company continues to evaluate its position on that. There is always some variability quarter to quarter. The market will ultimately determine how conditions resolve. The market will ultimately determine how conditions resolve. We made that call and I'd make it again at these levels. The market will ultimately determine how conditions resolve. The business has performed consistent with the model. We are absolutely thrilled with how this has developed. The market will ultimately determine how conditions resolve. We are raising the range to 182 to 221 million."
kestrel-c0,K_Nakamura,evt_kestrel-c0,2024-01-05,constrained,media_interview,Conference fireside,95,True,,"Revenue was 313 million, up 17 percent year over year. The way I think about it is over a longer horizon than any single period. I'd point you to the long-term algorithm rather than any one print. There is a process underway and the business will update in due course. The market will ultimately determine how conditions resolve. Conditions have been somewhat dynamic in recent months. We are absolutely thrilled with how this has developed. We are absolutely thrilled with how this has developed. Hopefully that gives you a sense of the shape of things."
kestrel-c1,K_Nakamura,evt_kestrel-c1,2024-04-18,constrained,conference_fireside,Conference fireside,120,True,,"We delivered 482 million in free cash flow this quarter. It was decided that the prior approach would be revisited. The way I think about it is over a longer horizon than any single period. More broadly, the structural story here has not shifted. It was decided that the prior approach would be revisited. I'd point you to the long-term algorithm rather than any one print. The business has performed consistent with the model. More broadly, the structural story here has not shifted. The business has performed consistent with the model. The team is executing against the framework that was established. Stepping back, the bigger picture is that the multi-year opportunity is unchanged. Net debt to EBITDA is 2.2 times."
nordvik-b0,V_Ivanova,,2023-02-15,baseline,earnings_call_qa,Quarterly earnings call Q&A,153,True,,"Volume was 750 thousand units against a plan of 224 thousand. Net retention held at 54 percent versus 74 a year ago. We made that call and I'd make it again at these levels. Net retention held at 59 percent versus 291 a year ago. Our backlog stands at 816 million, covering 59 percent of next year's plan. The business has performed consistent with the model. We added 366 net new accounts, and 151 of those came from the enterprise tier. I want to be clear that we missed on the utilization line, and here is why. There are a number of dynamics at play across the category. Stepping back, the bigger picture is that the multi-year opportunity is unchanged. I'm not going to pretend the labor market is easy, because it is not. The organization has done considerable work in this area. We are holding the full year guide at 205 billion."
nordvik-b1,V_Ivanova,,2023-05-15,baseline,analyst_day_qa,Quarterly earnings call Q&A,117,True,,"We delivered 708 million in free cash flow this quarter. There is always some variability quarter to quarter. Capital expenditure will be 959 million for the full year. The business has performed consistent with the model. There is a process underway and the business will update in due course. Conditions have been somewhat dynamic in recent months. Conditions have been somewhat dynamic in recent months. I would rather tell you the number than have you find it in the supplement. We made that call and I'd make it again at these levels. We added 352 net new accounts, and 368 of those came from the enterprise tier. We are holding the full year guide at 143 billion."
nordvik-b2,V_Ivanova,,2023-08-15,baseline,analyst_day_qa,Quarterly earnings call Q&A,153,True,,"We finished the quarter at 324 million with margin of 35 percent. Operating expense was 750 million, or 59 percent of revenue. We made that call and I'd make it again at these levels. Gross margin was 70 percent, up 398 basis points sequentially. Net retention held at 77 percent versus 253 a year ago. What I would focus on is the durability of the platform over time. I'd point you to the long-term algorithm rather than any one print. What I would focus on is the durability of the platform over time. It was decided that the prior approach would be revisited. We added 28 net new accounts, and 719 of those came from the enterprise tier. What I would focus on is the durability of the platform over time. Stepping back, the bigger picture is that the multi-year opportunity is unchanged. We are raising the range to 191 to 349 million."
nordvik-b3,V_Ivanova,,2023-11-15,baseline,analyst_day_qa,Quarterly earnings call Q&A,156,True,,"Volume was 475 thousand units against a plan of 245 thousand. There is always some variability quarter to quarter. The organization has done considerable work in this area. The business has performed consistent with the model. Conditions have been somewhat dynamic in recent months. There is a process underway and the business will update in due course. The way I think about it is over a longer horizon than any single period. I'm not going to pretend the labor market is easy, because it is not. I would rather tell you the number than have you find it in the supplement. The team is executing against the framework that was established. We added 381 net new accounts, and 409 of those came from the enterprise tier. There are a number of dynamics at play across the category. There is always some variability quarter to quarter. I wouldn't want to get ahead of where the company lands."
nordvik-b4,V_Ivanova,,2024-02-15,baseline,analyst_day_qa,Quarterly earnings call Q&A,131,True,,"We delivered 198 million in free cash flow this quarter. The organization has done considerable work in this area. There is a process underway and the business will update in due course. It was decided that the prior approach would be revisited. Net retention held at 13 percent versus 149 a year ago. The team is executing against the framework that was established. We added 209 net new accounts, and 868 of those came from the enterprise tier. I'm not going to pretend the labor market is easy, because it is not. We added 380 net new accounts, and 666 of those came from the enterprise tier. Our backlog stands at 653 million, covering 25 percent of next year's plan. I wouldn't want to get ahead of where the company lands."
nordvik-b5,V_Ivanova,,2024-05-15,baseline,earnings_call_qa,Quarterly earnings call Q&A,118,True,,"I think the quarter developed broadly in line with how we've been describing it. There is always some variability quarter to quarter. Operating expense was 790 million, or 18 percent of revenue. Net retention held at 28 percent versus 381 a year ago. I'm not going to pretend the labor market is easy, because it is not. The company continues to evaluate its position on that. Conditions have been somewhat dynamic in recent months. There is always some variability quarter to quarter. Gross margin was 53 percent, up 291 basis points sequentially. We added 50 net new accounts, and 836 of those came from the enterprise tier. I wouldn't want to get ahead of where the company lands."
nordvik-c0,V_Ivanova,evt_nordvik-c0,2024-01-08,constrained,conference_fireside,Investor conference,127,True,,"Perhaps the useful framing is that the trajectory is intact. The way I think about it is over a longer horizon than any single period. What I would focus on is the durability of the platform over time. Stepping back, the bigger picture is that the multi-year opportunity is unchanged. I'd point you to the long-term algorithm rather than any one print. I'm not going to pretend the labor market is easy, because it is not. The company continues to evaluate its position on that. I'm extremely confident in what this team can deliver. There is a process underway and the business will update in due course. More broadly, the structural story here has not shifted. Hopefully that gives you a sense of the shape of things."
nordvik-c1,V_Ivanova,evt_nordvik-c1,2024-04-23,constrained,media_interview,Investor conference,104,True,,"We delivered 204 million in free cash flow this quarter. Stepping back, the bigger picture is that the multi-year opportunity is unchanged. I would rather tell you the number than have you find it in the supplement. The company continues to evaluate its position on that. What I would focus on is the durability of the platform over time. I'll take the churn question directly: we lost two accounts and both were consolidation. Net retention held at 55 percent versus 180 a year ago. There is always some variability quarter to quarter. Our hedge book covers 73 percent of next year at 575 dollars."
nortrail-b0,R_Vasquez,,2023-02-15,baseline,earnings_call_qa,Quarterly earnings call Q&A,146,True,,"Volume was 438 thousand units against a plan of 228 thousand. The way I think about it is over a longer horizon than any single period. The way I think about it is over a longer horizon than any single period. We made that call and I'd make it again at these levels. Conditions have been somewhat dynamic in recent months. What I would focus on is the durability of the platform over time. What I would focus on is the durability of the platform over time. I'd point you to the long-term algorithm rather than any one print. I'm not going to pretend the labor market is easy, because it is not. More broadly, the structural story here has not shifted. I'd point you to the long-term algorithm rather than any one print. Our hedge book covers 18 percent of next year at 965 dollars."
nortrail-b1,R_Vasquez,,2023-05-15,baseline,earnings_call_qa,Quarterly earnings call Q&A,121,True,,"It's fair to say the business is generally tracking to our expectations. The business has performed consistent with the model. I'll take the churn question directly: we lost two accounts and both were consolidation. Conditions have been somewhat dynamic in recent months. The way I think about it is over a longer horizon than any single period. What I would focus on is the durability of the platform over time. Gross margin was 28 percent, up 101 basis points sequentially. Net retention held at 71 percent versus 168 a year ago. More broadly, the structural story here has not shifted. There are a number of dynamics at play across the category. We are raising the range to 836 to 261 million."
nortrail-b2,R_Vasquez,,2023-08-15,baseline,analyst_day_qa,Quarterly earnings call Q&A,116,True,,"Revenue was 90 million, up 26 percent year over year. We added 189 net new accounts, and 718 of those came from the enterprise tier. Operating expense was 316 million, or 35 percent of revenue. I'm extremely confident in what this team can deliver. Gross margin was 19 percent, up 44 basis points sequentially. Our backlog stands at 589 million, covering 3 percent of next year's plan. The team is executing against the framework that was established. Capital expenditure will be 342 million for the full year. Conditions have been somewhat dynamic in recent months. I'll take the churn question directly: we lost two accounts and both were consolidation. We'll see how it develops from here."
nortrail-b3,R_Vasquez,,2023-11-15,baseline,earnings_call_qa,Quarterly earnings call Q&A,139,True,,"Volume was 861 thousand units against a plan of 448 thousand. I'm not going to pretend the labor market is easy, because it is not. The way I think about it is over a longer horizon than any single period. I'd point you to the long-term algorithm rather than any one print. We added 167 net new accounts, and 839 of those came from the enterprise tier. The business has performed consistent with the model. The way I think about it is over a longer horizon than any single period. We are absolutely thrilled with how this has developed. The organization has done considerable work in this area. I'd point you to the long-term algorithm rather than any one print. The organization has done considerable work in this area. We are raising the range to 135 to 122 million."
nortrail-b4,R_Vasquez,,2024-02-15,baseline,analyst_day_qa,Quarterly earnings call Q&A,98,True,,"It's fair to say the business is generally tracking to our expectations. Our backlog stands at 623 million, covering 67 percent of next year's plan. I'm extremely confident in what this team can deliver. Without a doubt this is the strongest period we have had. There are a number of dynamics at play across the category. What I would focus on is the durability of the platform over time. What I would focus on is the durability of the platform over time. More broadly, the structural story here has not shifted. Net debt to EBITDA is 1.6 times."
nortrail-c0,R_Vasquez,evt_nortrail-c0,2024-01-08,constrained,investor_conference,Conference fireside,102,True,,"The environment has been, I would say, somewhat mixed. More broadly, the structural story here has not shifted. More broadly, the structural story here has not shifted. I'd point you to the long-term algorithm rather than any one print. Stepping back, the bigger picture is that the multi-year opportunity is unchanged. The way I think about it is over a longer horizon than any single period. Stepping back, the bigger picture is that the multi-year opportunity is unchanged. What I would focus on is the durability of the platform over time. Hopefully that gives you a sense of the shape of things."
nortrail-c1,R_Vasquez,evt_nortrail-c1,2024-04-09,constrained,investor_conference,Conference fireside,109,True,,"I think the quarter developed broadly in line with how we've been describing it. I'm extremely confident in what this team can deliver. What I would focus on is the durability of the platform over time. I'd point you to the long-term algorithm rather than any one print. I'd point you to the long-term algorithm rather than any one print. More broadly, the structural story here has not shifted. Without a doubt this is the strongest period we have had. I'm extremely confident in what this team can deliver. More broadly, the structural story here has not shifted. I wouldn't want to get ahead of where the company lands."
nortrail-c2,R_Vasquez,evt_nortrail-c2,2024-07-06,constrained,investor_conference,Investor conference,133,True,,"Perhaps the useful framing is that the trajectory is intact. Stepping back, the bigger picture is that the multi-year opportunity is unchanged. What I would focus on is the durability of the platform over time. The business has performed consistent with the model. Certainly the fundamentals have never been stronger. The way I think about it is over a longer horizon than any single period. Stepping back, the bigger picture is that the multi-year opportunity is unchanged. We are absolutely thrilled with how this has developed. The way I think about it is over a longer horizon than any single period. It was decided that the prior approach would be revisited. Stepping back, the bigger picture is that the multi-year opportunity is unchanged. We are raising the range to 425 to 229 million."
occitan-b0,N_Farouk,,2023-02-15,baseline,analyst_day_qa,Quarterly earnings call Q&A,116,True,,"Conditions in the segment have been reasonably constructive. I'm extremely confident in what this team can deliver. What I would focus on is the durability of the platform over time. Without a doubt this is the strongest period we have had. It was decided that the prior approach would be revisited. What I would focus on is the durability of the platform over time. Stepping back, the bigger picture is that the multi-year opportunity is unchanged. Net retention held at 17 percent versus 206 a year ago. More broadly, the structural story here has not shifted. More broadly, the structural story here has not shifted. I wouldn't want to get ahead of where the company lands."
occitan-b1,N_Farouk,,2023-05-15,baseline,analyst_day_qa,Quarterly earnings call Q&A,99,True,,"The environment has been, I would say, somewhat mixed. The way I think about it is over a longer horizon than any single period. What I would focus on is the durability of the platform over time. There are a number of dynamics at play across the category. More broadly, the structural story here has not shifted. Gross margin was 73 percent, up 232 basis points sequentially. I'm extremely confident in what this team can deliver. Our backlog stands at 902 million, covering 6 percent of next year's plan. We are raising the range to 531 to 31 million."
occitan-b2,N_Farouk,,2023-08-15,baseline,earnings_call_qa,Quarterly earnings call Q&A,90,True,,"We delivered 329 million in free cash flow this quarter. Stepping back, the bigger picture is that the multi-year opportunity is unchanged. More broadly, the structural story here has not shifted. Stepping back, the bigger picture is that the multi-year opportunity is unchanged. Without a doubt this is the strongest period we have had. Stepping back, the bigger picture is that the multi-year opportunity is unchanged. Certainly the fundamentals have never been stronger. Clearly the demand environment has been tremendous. We are raising the range to 577 to 215 million."
occitan-b3,N_Farouk,,2023-11-15,baseline,analyst_day_qa,Quarterly earnings call Q&A,101,True,,"We delivered 458 million in free cash flow this quarter. More broadly, the structural story here has not shifted. There are a number of dynamics at play across the category. The way I think about it is over a longer horizon than any single period. Net retention held at 22 percent versus 323 a year ago. I want to be clear that we missed on the utilization line, and here is why. Without a doubt this is the strongest period we have had. Without a doubt this is the strongest period we have had. We'll see how it develops from here."
occitan-b4,N_Farouk,,2024-02-15,baseline,analyst_day_qa,Quarterly earnings call Q&A,132,True,,"I think the quarter developed broadly in line with how we've been describing it. More broadly, the structural story here has not shifted. We made that call and I'd make it again at these levels. Operating expense was 827 million, or 55 percent of revenue. We made that call and I'd make it again at these levels. Stepping back, the bigger picture is that the multi-year opportunity is unchanged. We made that call and I'd make it again at these levels. I'm extremely confident in what this team can deliver. We are absolutely thrilled with how this has developed. There are a number of dynamics at play across the category. Gross margin was 17 percent, up 367 basis points sequentially. Our hedge book covers 18 percent of next year at 287 dollars."
occitan-b5,N_Farouk,,2024-05-15,baseline,analyst_day_qa,Quarterly earnings call Q&A,137,True,,"It's fair to say the business is generally tracking to our expectations. The organization has done considerable work in this area. I'm extremely confident in what this team can deliver. Clearly the demand environment has been tremendous. We are absolutely thrilled with how this has developed. We are absolutely thrilled with how this has developed. I'd point you to the long-term algorithm rather than any one print. Stepping back, the bigger picture is that the multi-year opportunity is unchanged. Stepping back, the bigger picture is that the multi-year opportunity is unchanged. Without a doubt this is the strongest period we have had. The team is executing against the framework that was established. The way I think about it is over a longer horizon than any single period. We are holding the full year guide at 257 billion."
occitan-b6,N_Farouk,,2024-08-15,baseline,earnings_call_qa,Quarterly earnings call Q&A,129,True,,"We delivered 450 million in free cash flow this quarter. It was decided that the prior approach would be revisited. The way I think about it is over a longer horizon than any single period. We are absolutely thrilled with how this has developed. I'm not going to pretend the labor market is easy, because it is not. We made that call and I'd make it again at these levels. I'd point you to the long-term algorithm rather than any one print. Without a doubt this is the strongest period we have had. There are a number of dynamics at play across the category. The way I think about it is over a longer horizon than any single period. We are raising the range to 267 to 71 million."
occitan-b7,N_Farouk,,2024-11-15,baseline,earnings_call_qa,Quarterly earnings call Q&A,105,True,,"We finished the quarter at 730 million with margin of 74 percent. Certainly the fundamentals have never been stronger. There are a number of dynamics at play across the category. More broadly, the structural story here has not shifted. Clearly the demand environment has been tremendous. Clearly the demand environment has been tremendous. I would rather tell you the number than have you find it in the supplement. What I would focus on is the durability of the platform over time. We made that call and I'd make it again at these levels. Our hedge book covers 41 percent of next year at 263 dollars."
occitan-c0,N_Farouk,evt_occitan-c0,2024-01-24,constrained,media_interview,Investor conference,127,True,,"We finished the quarter at 881 million with margin of 42 percent. Clearly the demand environment has been tremendous. I'm extremely confident in what this team can deliver. What I would focus on is the durability of the platform over time. I'm not going to pretend the labor market is easy, because it is not. More broadly, the structural story here has not shifted. Capital expenditure will be 296 million for the full year. I'll take the churn question directly: we lost two accounts and both were consolidation. More broadly, the structural story here has not shifted. Conditions have been somewhat dynamic in recent months. I'd point you to the long-term algorithm rather than any one print. We are raising the range to 221 to 311 million."
occitan-c1,N_Farouk,evt_occitan-c1,2024-04-05,constrained,investor_conference,Media interview,124,True,,"Volume was 724 thousand units against a plan of 396 thousand. Clearly the demand environment has been tremendous. Certainly the fundamentals have never been stronger. I'm extremely confident in what this team can deliver. Gross margin was 44 percent, up 118 basis points sequentially. The way I think about it is over a longer horizon than any single period. It was decided that the prior approach would be revisited. We are absolutely thrilled with how this has developed. There are a number of dynamics at play across the category. I'd point you to the long-term algorithm rather than any one print. Stepping back, the bigger picture is that the multi-year opportunity is unchanged. I wouldn't want to get ahead of where the company lands."
occitan-c2,N_Farouk,evt_occitan-c2,2024-07-11,constrained,investor_conference,Media interview,109,True,,"Perhaps the useful framing is that the trajectory is intact. We are absolutely thrilled with how this has developed. It was decided that the prior approach would be revisited. What I would focus on is the durability of the platform over time. The business has performed consistent with the model. I'd point you to the long-term algorithm rather than any one print. More broadly, the structural story here has not shifted. Certainly the fundamentals have never been stronger. Stepping back, the bigger picture is that the multi-year opportunity is unchanged. Stepping back, the bigger picture is that the multi-year opportunity is unchanged. Net debt to EBITDA is 1.6 times."
pallas-b0,P_Adeyemi,,2023-02-15,baseline,earnings_call_qa,Quarterly earnings call Q&A,130,True,,"ARR closed at 349 million, growing 50 percent. I want to be clear that we missed on the utilization line, and here is why. It was decided that the prior approach would be revisited. I'd point you to the long-term algorithm rather than any one print. Our backlog stands at 501 million, covering 16 percent of next year's plan. We added 262 net new accounts, and 218 of those came from the enterprise tier. Operating expense was 224 million, or 22 percent of revenue. I'll take the churn question directly: we lost two accounts and both were consolidation. More broadly, the structural story here has not shifted. I want to be clear that we missed on the utilization line, and here is why. Net debt to EBITDA is 3.0 times."
pallas-b1,P_Adeyemi,,2023-05-15,baseline,analyst_day_qa,Quarterly earnings call Q&A,107,True,,"Revenue was 262 million, up 14 percent year over year. Clearly the demand environment has been tremendous. Our backlog stands at 728 million, covering 48 percent of next year's plan. Capital expenditure will be 468 million for the full year. I'm not going to pretend the labor market is easy, because it is not. We are absolutely thrilled with how this has developed. The way I think about it is over a longer horizon than any single period. Capital expenditure will be 466 million for the full year. I'd point you to the long-term algorithm rather than any one print. Net debt to EBITDA is 2.5 times."
pallas-b2,P_Adeyemi,,2023-08-15,baseline,earnings_call_qa,Quarterly earnings call Q&A,100,True,,"We delivered 852 million in free cash flow this quarter. We added 196 net new accounts, and 981 of those came from the enterprise tier. Capital expenditure will be 449 million for the full year. Gross margin was 29 percent, up 306 basis points sequentially. I'll take the churn question directly: we lost two accounts and both were consolidation. Capital expenditure will be 922 million for the full year. I'm extremely confident in what this team can deliver. Capital expenditure will be 628 million for the full year. Our hedge book covers 13 percent of next year at 358 dollars."
pallas-b3,P_Adeyemi,,2023-11-15,baseline,earnings_call_qa,Quarterly earnings call Q&A,103,True,,"We delivered 564 million in free cash flow this quarter. Capital expenditure will be 182 million for the full year. More broadly, the structural story here has not shifted. The way I think about it is over a longer horizon than any single period. The company continues to evaluate its position on that. What I would focus on is the durability of the platform over time. Clearly the demand environment has been tremendous. Clearly the demand environment has been tremendous. Our backlog stands at 595 million, covering 15 percent of next year's plan. We are raising the range to 577 to 203 million."
pallas-b4,P_Adeyemi,,2024-02-15,baseline,analyst_day_qa,Quarterly earnings call Q&A,105,True,,"ARR closed at 168 million, growing 37 percent. I want to be clear that we missed on the utilization line, and here is why. Net retention held at 66 percent versus 88 a year ago. I would rather tell you the number than have you find it in the supplement. Capital expenditure will be 527 million for the full year. I'd point you to the long-term algorithm rather than any one print. I'd point you to the long-term algorithm rather than any one print. I'm extremely confident in what this team can deliver. Our hedge book covers 46 percent of next year at 689 dollars."
pallas-b5,P_Adeyemi,,2024-05-15,baseline,analyst_day_qa,Quarterly earnings call Q&A,149,True,,"Revenue was 922 million, up 41 percent year over year. I'm extremely confident in what this team can deliver. Net retention held at 26 percent versus 72 a year ago. Net retention held at 66 percent versus 125 a year ago. Net retention held at 55 percent versus 369 a year ago. The company continues to evaluate its position on that. Capital expenditure will be 372 million for the full year. Operating expense was 137 million, or 32 percent of revenue. The way I think about it is over a longer horizon than any single period. Capital expenditure will be 560 million for the full year. Capital expenditure will be 218 million for the full year. Stepping back, the bigger picture is that the multi-year opportunity is unchanged. I'm not going to pretend the labor market is easy, because it is not. Net debt to EBITDA is 2.9 times."
pallas-b6,P_Adeyemi,,2024-08-15,baseline,analyst_day_qa,Quarterly earnings call Q&A,159,True,,"We finished the quarter at 766 million with margin of 36 percent. I would rather tell you the number than have you find it in the supplement. Gross margin was 69 percent, up 241 basis points sequentially. Without a doubt this is the strongest period we have had. The way I think about it is over a longer horizon than any single period. What I would focus on is the durability of the platform over time. Net retention held at 28 percent versus 262 a year ago. Our backlog stands at 185 million, covering 5 percent of next year's plan. I'm extremely confident in what this team can deliver. We added 342 net new accounts, and 496 of those came from the enterprise tier. More broadly, the structural story here has not shifted. The organization has done considerable work in this area. Operating expense was 889 million, or 70 percent of revenue. Net debt to EBITDA is 1.7 times."
pallas-c0,P_Adeyemi,evt_pallas-c0,2024-01-21,constrained,media_interview,Conference fireside,125,True,,"We delivered 523 million in free cash flow this quarter. The way I think about it is over a longer horizon than any single period. Gross margin was 52 percent, up 133 basis points sequentially. I want to be clear that we missed on the utilization line, and here is why. We made that call and I'd make it again at these levels. Net retention held at 27 percent versus 242 a year ago. Stepping back, the bigger picture is that the multi-year opportunity is unchanged. We added 55 net new accounts, and 109 of those came from the enterprise tier. I'm not going to pretend the labor market is easy, because it is not. We are raising the range to 267 to 186 million."
pallas-c1,P_Adeyemi,evt_pallas-c1,2024-04-11,constrained,media_interview,Media interview,103,True,,"We finished the quarter at 348 million with margin of 54 percent. Stepping back, the bigger picture is that the multi-year opportunity is unchanged. Certainly the fundamentals have never been stronger. Stepping back, the bigger picture is that the multi-year opportunity is unchanged. Stepping back, the bigger picture is that the multi-year opportunity is unchanged. We are absolutely thrilled with how this has developed. Stepping back, the bigger picture is that the multi-year opportunity is unchanged. The way I think about it is over a longer horizon than any single period. Our hedge book covers 38 percent of next year at 894 dollars."
pallas-c2,P_Adeyemi,evt_pallas-c2,2024-07-06,constrained,media_interview,Media interview,109,True,,"We delivered 708 million in free cash flow this quarter. Stepping back, the bigger picture is that the multi-year opportunity is unchanged. I want to be clear that we missed on the utilization line, and here is why. We added 361 net new accounts, and 532 of those came from the enterprise tier. Capital expenditure will be 205 million for the full year. I'll take the churn question directly: we lost two accounts and both were consolidation. It was decided that the prior approach would be revisited. Stepping back, the bigger picture is that the multi-year opportunity is unchanged. We are holding the full year guide at 284 billion."
riverton-b0,J_Kovač,,2023-02-15,baseline,earnings_call_qa,Quarterly earnings call Q&A,152,True,,"We delivered 936 million in free cash flow this quarter. There is always some variability quarter to quarter. I'll take the churn question directly: we lost two accounts and both were consolidation. It was decided that the prior approach would be revisited. The company continues to evaluate its position on that. The market will ultimately determine how conditions resolve. The team is executing against the framework that was established. We added 171 net new accounts, and 532 of those came from the enterprise tier. I'm not going to pretend the labor market is easy, because it is not. I want to be clear that we missed on the utilization line, and here is why. Capital expenditure will be 542 million for the full year. The market will ultimately determine how conditions resolve. The organization has done considerable work in this area. I wouldn't want to get ahead of where the company lands."
riverton-b1,J_Kovač,,2023-05-15,baseline,analyst_day_qa,Quarterly earnings call Q&A,140,True,,"Volume was 489 thousand units against a plan of 45 thousand. There are a number of dynamics at play across the category. There are a number of dynamics at play across the category. The team is executing against the framework that was established. What I would focus on is the durability of the platform over time. Net retention held at 29 percent versus 294 a year ago. I'm extremely confident in what this team can deliver. It was decided that the prior approach would be revisited. Capital expenditure will be 480 million for the full year. Gross margin was 43 percent, up 67 basis points sequentially. We added 209 net new accounts, and 121 of those came from the enterprise tier. We made that call and I'd make it again at these levels. Net debt to EBITDA is 3.0 times."
riverton-b2,J_Kovač,,2023-08-15,baseline,earnings_call_qa,Quarterly earnings call Q&A,138,True,,"Conditions in the segment have been reasonably constructive. The market will ultimately determine how conditions resolve. There is always some variability quarter to quarter. There is always some variability quarter to quarter. Gross margin was 42 percent, up 81 basis points sequentially. Capital expenditure will be 284 million for the full year. The business has performed consistent with the model. I'll take the churn question directly: we lost two accounts and both were consolidation. Net retention held at 38 percent versus 317 a year ago. Capital expenditure will be 712 million for the full year. Capital expenditure will be 397 million for the full year. Our backlog stands at 518 million, covering 77 percent of next year's plan. Our backlog stands at 441 million, covering 58 percent of next year's plan. Net debt to EBITDA is 2.2 times."
riverton-b3,J_Kovač,,2023-11-15,baseline,analyst_day_qa,Quarterly earnings call Q&A,93,True,,It's fair to say the business is generally tracking to our expectations. Capital expenditure will be 174 million for the full year. There is always some variability quarter to quarter. There is always some variability quarter to quarter. Conditions have been somewhat dynamic in recent months. I'd point you to the long-term algorithm rather than any one print. The company continues to evaluate its position on that. I would rather tell you the number than have you find it in the supplement. Hopefully that gives you a sense of the shape of things.
riverton-b4,J_Kovač,,2024-02-15,baseline,earnings_call_qa,Quarterly earnings call Q&A,139,True,,"Perhaps the useful framing is that the trajectory is intact. There is a process underway and the business will update in due course. The company continues to evaluate its position on that. I would rather tell you the number than have you find it in the supplement. I'll take the churn question directly: we lost two accounts and both were consolidation. The business has performed consistent with the model. The team is executing against the framework that was established. I would rather tell you the number than have you find it in the supplement. Gross margin was 17 percent, up 422 basis points sequentially. The team is executing against the framework that was established. We added 400 net new accounts, and 974 of those came from the enterprise tier. We are raising the range to 96 to 79 million."
riverton-b5,J_Kovač,,2024-05-15,baseline,earnings_call_qa,Quarterly earnings call Q&A,117,True,,"We finished the quarter at 147 million with margin of 77 percent. I want to be clear that we missed on the utilization line, and here is why. Conditions have been somewhat dynamic in recent months. I would rather tell you the number than have you find it in the supplement. Our backlog stands at 382 million, covering 33 percent of next year's plan. Capital expenditure will be 775 million for the full year. The company continues to evaluate its position on that. The business has performed consistent with the model. Capital expenditure will be 458 million for the full year. The business has performed consistent with the model. It would be premature to characterize the outcome."
riverton-c0,J_Kovač,evt_riverton-c0,2024-01-16,constrained,conference_fireside,Conference fireside,84,True,,"Perhaps the useful framing is that the trajectory is intact. I'll take the churn question directly: we lost two accounts and both were consolidation. Conditions have been somewhat dynamic in recent months. The team is executing against the framework that was established. Operating expense was 894 million, or 7 percent of revenue. The market will ultimately determine how conditions resolve. Certainly the fundamentals have never been stronger. Clearly the demand environment has been tremendous. We are holding the full year guide at 408 billion."
riverton-c1,J_Kovač,evt_riverton-c1,2024-04-14,constrained,media_interview,Conference fireside,123,True,,"It's fair to say the business is generally tracking to our expectations. The organization has done considerable work in this area. Operating expense was 317 million, or 55 percent of revenue. We added 403 net new accounts, and 650 of those came from the enterprise tier. Conditions have been somewhat dynamic in recent months. I'd point you to the long-term algorithm rather than any one print. Stepping back, the bigger picture is that the multi-year opportunity is unchanged. Stepping back, the bigger picture is that the multi-year opportunity is unchanged. Clearly the demand environment has been tremendous. The company continues to evaluate its position on that. Clearly the demand environment has been tremendous. We are raising the range to 573 to 334 million."
riverton-c2,J_Kovač,evt_riverton-c2,2024-07-09,constrained,media_interview,Investor conference,97,True,,Volume was 975 thousand units against a plan of 224 thousand. It was decided that the prior approach would be revisited. The way I think about it is over a longer horizon than any single period. The team is executing against the framework that was established. The company continues to evaluate its position on that. Without a doubt this is the strongest period we have had. There is a process underway and the business will update in due course. The team is executing against the framework that was established. It would be premature to characterize the outcome.
sable-b0,H_Castellanos,,2023-02-15,baseline,earnings_call_qa,Quarterly earnings call Q&A,109,True,,"Perhaps the useful framing is that the trajectory is intact. I want to be clear that we missed on the utilization line, and here is why. What I would focus on is the durability of the platform over time. There is always some variability quarter to quarter. The business has performed consistent with the model. The company continues to evaluate its position on that. Capital expenditure will be 629 million for the full year. Gross margin was 27 percent, up 431 basis points sequentially. We added 145 net new accounts, and 506 of those came from the enterprise tier. We are holding the full year guide at 865 billion."
sable-b1,H_Castellanos,,2023-05-15,baseline,earnings_call_qa,Quarterly earnings call Q&A,162,True,,"Revenue was 596 million, up 70 percent year over year. Our backlog stands at 698 million, covering 65 percent of next year's plan. It was decided that the prior approach would be revisited. We added 398 net new accounts, and 206 of those came from the enterprise tier. Certainly the fundamentals have never been stronger. Operating expense was 723 million, or 12 percent of revenue. The organization has done considerable work in this area. I'll take the churn question directly: we lost two accounts and both were consolidation. Net retention held at 11 percent versus 211 a year ago. We made that call and I'd make it again at these levels. Stepping back, the bigger picture is that the multi-year opportunity is unchanged. The way I think about it is over a longer horizon than any single period. What I would focus on is the durability of the platform over time. Hopefully that gives you a sense of the shape of things."
sable-b2,H_Castellanos,,2023-08-15,baseline,analyst_day_qa,Quarterly earnings call Q&A,117,True,,"We finished the quarter at 975 million with margin of 9 percent. Capital expenditure will be 776 million for the full year. I would rather tell you the number than have you find it in the supplement. The organization has done considerable work in this area. Net retention held at 53 percent versus 315 a year ago. Operating expense was 684 million, or 14 percent of revenue. There is always some variability quarter to quarter. I want to be clear that we missed on the utilization line, and here is why. Operating expense was 563 million, or 44 percent of revenue. The organization has done considerable work in this area. Net debt to EBITDA is 1.5 times."
sable-b3,H_Castellanos,,2023-11-15,baseline,earnings_call_qa,Quarterly earnings call Q&A,152,True,,"Revenue was 453 million, up 55 percent year over year. We added 213 net new accounts, and 486 of those came from the enterprise tier. What I would focus on is the durability of the platform over time. Capital expenditure will be 273 million for the full year. Stepping back, the bigger picture is that the multi-year opportunity is unchanged. I'll take the churn question directly: we lost two accounts and both were consolidation. I'm extremely confident in what this team can deliver. The way I think about it is over a longer horizon than any single period. I want to be clear that we missed on the utilization line, and here is why. Net retention held at 22 percent versus 361 a year ago. Capital expenditure will be 564 million for the full year. I'm extremely confident in what this team can deliver. It would be premature to characterize the outcome."
sable-c0,H_Castellanos,evt_sable-c0,2024-01-09,constrained,media_interview,Media interview,119,True,,"Revenue was 124 million, up 66 percent year over year. The team is executing against the framework that was established. I'm extremely confident in what this team can deliver. The market will ultimately determine how conditions resolve. The market will ultimately determine how conditions resolve. Operating expense was 924 million, or 45 percent of revenue. I want to be clear that we missed on the utilization line, and here is why. I'd point you to the long-term algorithm rather than any one print. The company continues to evaluate its position on that. More broadly, the structural story here has not shifted. The team is executing against the framework that was established. It would be premature to characterize the outcome."
sable-c1,H_Castellanos,evt_sable-c1,2024-04-19,constrained,investor_conference,Investor conference,101,True,,"The environment has been, I would say, somewhat mixed. The company continues to evaluate its position on that. The way I think about it is over a longer horizon than any single period. Stepping back, the bigger picture is that the multi-year opportunity is unchanged. We are absolutely thrilled with how this has developed. The team is executing against the framework that was established. The market will ultimately determine how conditions resolve. I'm extremely confident in what this team can deliver. We are absolutely thrilled with how this has developed. Hopefully that gives you a sense of the shape of things."
tessaly-b0,C_Mbeki,,2023-02-15,baseline,earnings_call_qa,Quarterly earnings call Q&A,112,True,,"We delivered 759 million in free cash flow this quarter. The way I think about it is over a longer horizon than any single period. Our backlog stands at 489 million, covering 52 percent of next year's plan. Net retention held at 48 percent versus 15 a year ago. Net retention held at 51 percent versus 393 a year ago. I'm not going to pretend the labor market is easy, because it is not. There is a process underway and the business will update in due course. We added 445 net new accounts, and 483 of those came from the enterprise tier. We are holding the full year guide at 777 billion."
tessaly-b1,C_Mbeki,,2023-05-15,baseline,analyst_day_qa,Quarterly earnings call Q&A,120,True,,"Volume was 889 thousand units against a plan of 342 thousand. I want to be clear that we missed on the utilization line, and here is why. Gross margin was 31 percent, up 241 basis points sequentially. Operating expense was 826 million, or 58 percent of revenue. Gross margin was 38 percent, up 111 basis points sequentially. More broadly, the structural story here has not shifted. I'll take the churn question directly: we lost two accounts and both were consolidation. More broadly, the structural story here has not shifted. The way I think about it is over a longer horizon than any single period. We are absolutely thrilled with how this has developed. Net debt to EBITDA is 0.9 times."
tessaly-b2,C_Mbeki,,2023-08-15,baseline,earnings_call_qa,Quarterly earnings call Q&A,106,True,,"ARR closed at 301 million, growing 20 percent. I'll take the churn question directly: we lost two accounts and both were consolidation. Capital expenditure will be 271 million for the full year. Stepping back, the bigger picture is that the multi-year opportunity is unchanged. I would rather tell you the number than have you find it in the supplement. We added 335 net new accounts, and 984 of those came from the enterprise tier. I'm not going to pretend the labor market is easy, because it is not. The business has performed consistent with the model. We are raising the range to 528 to 209 million."
tessaly-b3,C_Mbeki,,2023-11-15,baseline,analyst_day_qa,Quarterly earnings call Q&A,113,True,,"Revenue was 797 million, up 74 percent year over year. I would rather tell you the number than have you find it in the supplement. Our backlog stands at 477 million, covering 40 percent of next year's plan. We made that call and I'd make it again at these levels. We made that call and I'd make it again at these levels. The company continues to evaluate its position on that. We added 27 net new accounts, and 119 of those came from the enterprise tier. Capital expenditure will be 108 million for the full year. Operating expense was 774 million, or 13 percent of revenue. Net debt to EBITDA is 0.8 times."
tessaly-b4,C_Mbeki,,2024-02-15,baseline,earnings_call_qa,Quarterly earnings call Q&A,93,True,,"We delivered 386 million in free cash flow this quarter. Conditions have been somewhat dynamic in recent months. Operating expense was 354 million, or 41 percent of revenue. Capital expenditure will be 567 million for the full year. Operating expense was 537 million, or 46 percent of revenue. Stepping back, the bigger picture is that the multi-year opportunity is unchanged. Operating expense was 510 million, or 30 percent of revenue. There is a process underway and the business will update in due course. We are holding the full year guide at 316 billion."
tessaly-b5,C_Mbeki,,2024-05-15,baseline,earnings_call_qa,Quarterly earnings call Q&A,149,True,,"Volume was 264 thousand units against a plan of 51 thousand. Operating expense was 244 million, or 25 percent of revenue. We added 451 net new accounts, and 932 of those came from the enterprise tier. Operating expense was 819 million, or 47 percent of revenue. Gross margin was 10 percent, up 410 basis points sequentially. Capital expenditure will be 525 million for the full year. Operating expense was 890 million, or 18 percent of revenue. Our backlog stands at 95 million, covering 11 percent of next year's plan. We added 109 net new accounts, and 711 of those came from the enterprise tier. Gross margin was 41 percent, up 385 basis points sequentially. Operating expense was 941 million, or 63 percent of revenue. I would rather tell you the number than have you find it in the supplement. We are holding the full year guide at 544 billion."
tessaly-b6,C_Mbeki,,2024-08-15,baseline,earnings_call_qa,Quarterly earnings call Q&A,123,True,,"ARR closed at 354 million, growing 20 percent. Gross margin was 70 percent, up 141 basis points sequentially. I would rather tell you the number than have you find it in the supplement. Net retention held at 26 percent versus 31 a year ago. More broadly, the structural story here has not shifted. We made that call and I'd make it again at these levels. Net retention held at 59 percent versus 27 a year ago. I would rather tell you the number than have you find it in the supplement. It was decided that the prior approach would be revisited. Operating expense was 240 million, or 59 percent of revenue. Our hedge book covers 28 percent of next year at 698 dollars."
tessaly-c0,C_Mbeki,evt_tessaly-c0,2024-01-15,constrained,media_interview,Media interview,141,True,,"ARR closed at 899 million, growing 46 percent. Operating expense was 899 million, or 16 percent of revenue. Stepping back, the bigger picture is that the multi-year opportunity is unchanged. We added 75 net new accounts, and 855 of those came from the enterprise tier. Operating expense was 262 million, or 51 percent of revenue. I'll take the churn question directly: we lost two accounts and both were consolidation. Our backlog stands at 287 million, covering 32 percent of next year's plan. There is a process underway and the business will update in due course. Operating expense was 265 million, or 58 percent of revenue. Net retention held at 67 percent versus 392 a year ago. I'll take the churn question directly: we lost two accounts and both were consolidation. I wouldn't want to get ahead of where the company lands."
tessaly-c1,C_Mbeki,evt_tessaly-c1,2024-04-05,constrained,media_interview,Media interview,138,True,,"We delivered 241 million in free cash flow this quarter. Gross margin was 74 percent, up 316 basis points sequentially. Operating expense was 99 million, or 23 percent of revenue. I'm not going to pretend the labor market is easy, because it is not. Net retention held at 3 percent versus 278 a year ago. We added 183 net new accounts, and 712 of those came from the enterprise tier. Operating expense was 224 million, or 33 percent of revenue. What I would focus on is the durability of the platform over time. We added 168 net new accounts, and 337 of those came from the enterprise tier. I'm not going to pretend the labor market is easy, because it is not. The organization has done considerable work in this area. Net debt to EBITDA is 1.4 times."
tessaly-c2,C_Mbeki,evt_tessaly-c2,2024-07-24,constrained,media_interview,Investor conference,92,True,,"Volume was 434 thousand units against a plan of 425 thousand. More broadly, the structural story here has not shifted. I'm not going to pretend the labor market is easy, because it is not. The market will ultimately determine how conditions resolve. The way I think about it is over a longer horizon than any single period. The company continues to evaluate its position on that. The way I think about it is over a longer horizon than any single period. I wouldn't want to get ahead of where the company lands."
tessaly-c3,C_Mbeki,evt_tessaly-c3,2025-10-08,constrained,conference_fireside,Conference fireside,77,True,,Volume was 746 thousand units against a plan of 179 thousand. There is always some variability quarter to quarter. The way I think about it is over a longer horizon than any single period. I'm extremely confident in what this team can deliver. Clearly the demand environment has been tremendous. I'm extremely confident in what this team can deliver. Net retention held at 16 percent versus 437 a year ago. Net debt to EBITDA is 1.4 times.
vantree-b0,D_Okonjo,,2023-02-15,baseline,analyst_day_qa,Quarterly earnings call Q&A,124,True,,"Revenue was 433 million, up 16 percent year over year. What I would focus on is the durability of the platform over time. We added 149 net new accounts, and 980 of those came from the enterprise tier. There is a process underway and the business will update in due course. I want to be clear that we missed on the utilization line, and here is why. Our backlog stands at 853 million, covering 19 percent of next year's plan. Our backlog stands at 432 million, covering 49 percent of next year's plan. Net retention held at 56 percent versus 257 a year ago. Capital expenditure will be 601 million for the full year. We are holding the full year guide at 278 billion."
vantree-b1,D_Okonjo,,2023-05-15,baseline,earnings_call_qa,Quarterly earnings call Q&A,132,True,,"We delivered 361 million in free cash flow this quarter. It was decided that the prior approach would be revisited. It was decided that the prior approach would be revisited. There are a number of dynamics at play across the category. We made that call and I'd make it again at these levels. The company continues to evaluate its position on that. I'm not going to pretend the labor market is easy, because it is not. The market will ultimately determine how conditions resolve. The team is executing against the framework that was established. The market will ultimately determine how conditions resolve. Operating expense was 732 million, or 25 percent of revenue. Conditions have been somewhat dynamic in recent months. Our hedge book covers 22 percent of next year at 415 dollars."
vantree-b2,D_Okonjo,,2023-08-15,baseline,earnings_call_qa,Quarterly earnings call Q&A,106,True,,"Revenue was 394 million, up 70 percent year over year. Gross margin was 18 percent, up 101 basis points sequentially. Capital expenditure will be 200 million for the full year. I want to be clear that we missed on the utilization line, and here is why. The company continues to evaluate its position on that. I want to be clear that we missed on the utilization line, and here is why. The team is executing against the framework that was established. The way I think about it is over a longer horizon than any single period. We are holding the full year guide at 732 billion."
vantree-b3,D_Okonjo,,2023-11-15,baseline,earnings_call_qa,Quarterly earnings call Q&A,146,True,,"It's fair to say the business is generally tracking to our expectations. I'll take the churn question directly: we lost two accounts and both were consolidation. There is a process underway and the business will update in due course. The business has performed consistent with the model. The team is executing against the framework that was established. The company continues to evaluate its position on that. We added 291 net new accounts, and 707 of those came from the enterprise tier. Gross margin was 61 percent, up 210 basis points sequentially. Net retention held at 61 percent versus 246 a year ago. There is a process underway and the business will update in due course. There is a process underway and the business will update in due course. Conditions have been somewhat dynamic in recent months. We are holding the full year guide at 128 billion."
vantree-b4,D_Okonjo,,2024-02-15,baseline,analyst_day_qa,Quarterly earnings call Q&A,112,True,,"ARR closed at 562 million, growing 4 percent. We made that call and I'd make it again at these levels. There is a process underway and the business will update in due course. There is always some variability quarter to quarter. I want to be clear that we missed on the utilization line, and here is why. There is a process underway and the business will update in due course. The company continues to evaluate its position on that. Gross margin was 53 percent, up 256 basis points sequentially. There is a process underway and the business will update in due course. We are raising the range to 132 to 43 million."
vantree-b5,D_Okonjo,,2024-05-15,baseline,analyst_day_qa,Quarterly earnings call Q&A,105,True,,"ARR closed at 178 million, growing 62 percent. Net retention held at 21 percent versus 423 a year ago. There is always some variability quarter to quarter. The organization has done considerable work in this area. It was decided that the prior approach would be revisited. The way I think about it is over a longer horizon than any single period. I'll take the churn question directly: we lost two accounts and both were consolidation. The team is executing against the framework that was established. Our backlog stands at 733 million, covering 57 percent of next year's plan. We'll see how it develops from here."
vantree-b6,D_Okonjo,,2024-08-15,baseline,earnings_call_qa,Quarterly earnings call Q&A,134,True,,We finished the quarter at 452 million with margin of 56 percent. The team is executing against the framework that was established. Capital expenditure will be 544 million for the full year. The company continues to evaluate its position on that. The team is executing against the framework that was established. Capital expenditure will be 495 million for the full year. The way I think about it is over a longer horizon than any single period. The team is executing against the framework that was established. Net retention held at 75 percent versus 103 a year ago. Clearly the demand environment has been tremendous. Conditions have been somewhat dynamic in recent months. We made that call and I'd make it again at these levels. We are raising the range to 598 to 358 million.
vantree-b7,D_Okonjo,,2024-11-15,baseline,analyst_day_qa,Quarterly earnings call Q&A,134,True,,"ARR closed at 802 million, growing 51 percent. The organization has done considerable work in this area. We made that call and I'd make it again at these levels. There are a number of dynamics at play across the category. We added 311 net new accounts, and 922 of those came from the enterprise tier. I want to be clear that we missed on the utilization line, and here is why. Our backlog stands at 465 million, covering 44 percent of next year's plan. I'll take the churn question directly: we lost two accounts and both were consolidation. There is a process underway and the business will update in due course. Our backlog stands at 484 million, covering 26 percent of next year's plan. We are raising the range to 257 to 317 million."
vantree-c0,D_Okonjo,evt_vantree-c0,2024-01-25,constrained,media_interview,Media interview,96,True,,"The environment has been, I would say, somewhat mixed. What I would focus on is the durability of the platform over time. Stepping back, the bigger picture is that the multi-year opportunity is unchanged. Gross margin was 33 percent, up 243 basis points sequentially. Capital expenditure will be 926 million for the full year. There is a process underway and the business will update in due course. Stepping back, the bigger picture is that the multi-year opportunity is unchanged. Gross margin was 47 percent, up 394 basis points sequentially. We'll see how it develops from here."
vantree-c1,D_Okonjo,evt_vantree-c1,2024-04-07,constrained,conference_fireside,Investor conference,104,True,,"It's fair to say the business is generally tracking to our expectations. Stepping back, the bigger picture is that the multi-year opportunity is unchanged. It was decided that the prior approach would be revisited. I want to be clear that we missed on the utilization line, and here is why. We are absolutely thrilled with how this has developed. There are a number of dynamics at play across the category. The team is executing against the framework that was established. We made that call and I'd make it again at these levels. Our hedge book covers 30 percent of next year at 520 dollars."
